accounttypelovdesc,approvedforonboarding,businesssegmentlovdesc,businesssubsegmentlovdesc,createdby,createdon,incorporationcountrycode,internalidentifiers_ccid,internalidentifiers_onboardingcaseid,internalidentifiers_scileid,internalidentifiers_scisubprofileid,justificationforclientonboarding,modifiedby,modifiedon,prospectclassificationlovdesc,prospectcountrycode,prospectdisqualifyreasondesc,prospectid,prospectname,prospectsourcelovdesc,prospectstatuslovdesc,prospecttierlovdesc,prospecttypelovdesc,prospectstagelovdesc,yearonrevenueprojectionusd000,yearthreerevenueprojectionusd000,yearfiverevenueprojectionusd000,caseid,legalentityid,casestage_lovdesc,priority,businessunit_lovdesc,casestatus_lovdesc,createdondate,casestatusmodifieddate,caseoriginaltargetcompletiondate,comments,kycreviewtype,kycreviewreasons,fccrecommendation
Borrowing,FALSE,Middle Market,Hedge Funds,Rohit Sharma,10-07-2023,AU,197361,273008,296653,518701,Existing group relationship.,Sarah Lee,21-12-2020,Liquidity provider,DE,Auto disqualified,1,Prospect_1,User Referral,Portfolio,Portfolio,Subsidiary,Converted,62414.56,14818.11,25070.93,CASE100263,,Complete,Medium,SINGAPORE,Open,30-08-2020,04-12-2025,01-02-2023,Pending additional KYC documentation from client.,New Business,Refresh KYC,FALSE
Non-Borrowing,FALSE,Local Corporate,Middle Markets,Rohit Sharma,31-05-2021,GB,291016,722762,236458,532299,Strong revenue potential.,Amit Singh,07-05-2023,Transaction participation counterparty / SPV,AU,Client decision,1,Prospect_1,Self,Gold,Portfolio,Subsidiary,Converted,62431.08,133290.02,41812.62,CASE103279,,Complete,Medium,HONG KONG,Closed,17-01-2020,30-03-2022,23-06-2020,Client onboarding completed successfully.,Refresh KYC,New Business,TRUE
Borrowing,FALSE,Global Corporate,Finance Companies,Kunal Mehta,23-06-2020,SG,815110,464305,431110,402006,Strong revenue potential.,Emily Davis,15-12-2022,Liquidity provider,US,Auto disqualified,1,Prospect_1,Self,Silver,Gold,Subsidiary,Onboarding In Progress,67181.29,51549.5,64603.89,CASE106431,,Validation,High,HONG KONG,Open,01-07-2025,17-05-2021,07-01-2020,Onboarding delayed due to missing tax documents.,Refresh KYC,New Business,FALSE
Borrowing,FALSE,Middle Market,Global Subsidiaries GC,Emily Davis,10-11-2025,US,662572,283044,436342,398854,Client meets all KYC requirements.,Lisa Wong,13-11-2022,None,IN,Client decision,1,Prospect_1,User Referral,Disqualified,Portfolio,Subsidiary,Converted,2836.23,113571.93,165236.54,CASE106519,,Complete,High,INDIA,Closed,21-03-2022,11-12-2020,27-02-2025,Pending additional KYC documentation from client.,New Business,New Business,TRUE
Borrowing,TRUE,Global Corporate,Hedge Funds,Emily Davis,02-02-2023,GB,147893,576404,289386,790141,Client meets all KYC requirements.,Rohit Sharma,12-02-2023,Transaction participation counterparty / SPV,DE,Auto disqualified,1,Prospect_1,User Referral,Qualified,Platinum,Group,Converted,48854.72,11592.96,97798.75,CASE108145,,Business Acceptance,Medium,HONG KONG,Closed,31-12-2024,18-01-2021,15-06-2022,Client classified as low risk after initial screening.,Refresh KYC,New Business,TRUE
Borrowing,TRUE,Global Corporate,FI - Financial Sponsors,Maria Garcia,31-01-2023,HK,483451,938984,607881,294900,Strong revenue potential.,David Chen,11-12-2020,Co-Borrower / Guarantor,HK,Client decision,2,Prospect_2,Self,Gold,Portfolio,Group,Onboarding In Progress,96573.68,17819.37,13472.82,CASE101114,,Business Acceptance,High,SINGAPORE,Closed,27-12-2021,03-03-2023,08-06-2024,"High potential client, fast-track onboarding recommended.",New Business,New Business,TRUE
Borrowing,FALSE,Middle Market,Origination GC,John Mathews,06-08-2024,US,681875,749438,578069,915756,High strategic importance.,Maria Garcia,18-10-2021,Transaction participation counterparty / SPV,SG,Client decision,2,Prospect_2,Self,Converted,Portfolio,Standalone,Converted,51360.44,83500.74,90356.01,CASE102912,LE200003,Validation,Medium,SINGAPORE,Open,19-05-2022,17-06-2020,15-04-2023,Client classified as low risk after initial screening.,Refresh KYC,New Business,TRUE
Non-Borrowing,TRUE,Middle Market,Fintech - Other,Priya Nair,10-11-2025,DE,609102,808407,376624,474474,Existing group relationship.,Sarah Lee,23-04-2025,Transaction participation counterparty / SPV,AU,Auto disqualified,2,Prospect_2,User Referral,Silver,Portfolio,Subsidiary,Draft,69896.83,8177.47,124461.88,CASE103297,,Complete,High,SINGAPORE,Open,20-10-2022,12-07-2025,12-01-2022,Client onboarding completed successfully.,New Business,Refresh KYC,FALSE
Non-Borrowing,FALSE,Middle Market,Fintech - Other,Maria Garcia,23-05-2020,GB,289100,465891,711019,931030,Existing group relationship.,Amit Singh,28-06-2020,Transaction participation counterparty / SPV,GB,Client decision,2,Prospect_2,User Referral,Silver,Portfolio,Standalone,Qualify,72347.14,39134.2,150136.08,CASE104566,,Business Acceptance,Low,SINGAPORE,Closed,19-06-2023,22-12-2023,17-11-2022,Client onboarding completed successfully.,Refresh KYC,New Business,FALSE
Non-Borrowing,TRUE,Middle Market,Middle Markets,John Mathews,10-01-2022,US,224467,969557,193165,891179,High strategic importance.,Priya Nair,17-11-2024,Liquidity provider,IN,Auto disqualified,2,Prospect_2,Self,Qualified,Portfolio,Group,Converted,11325.02,94015.29,29146.83,CASE105211,,Complete,Medium,INDIA,Open,22-08-2021,22-04-2025,22-12-2022,Client onboarding completed successfully.,New Business,Refresh KYC,TRUE
Non-Borrowing,FALSE,Financial Institution,Hedge Funds,Rohit Sharma,06-07-2023,GB,931485,228138,334661,376171,Strong revenue potential.,Kunal Mehta,14-12-2021,None,SG,Auto disqualified,2,Prospect_2,User Referral,Silver,Platinum,Group,Draft,6030.67,62191.06,95171.6,CASE106979,,Business Acceptance,Medium,HONG KONG,Closed,08-01-2023,03-01-2024,11-08-2024,"Compliance review in progress, awaiting approvals.",New Business,Refresh KYC,TRUE
Borrowing,FALSE,Global Corporate,Financial Sponsors - Portfolio Companies,Emily Davis,03-09-2020,SG,649990,994727,983624,402473,Strong revenue potential.,John Mathews,30-06-2023,Co-Borrower / Guarantor,GB,Client decision,3,Prospect_3,User Referral,Gold,Portfolio,Standalone,Draft,4311.71,76386.97,69354.48,CASE105002,,Validation,Medium,INDIA,Closed,02-06-2022,28-03-2023,19-10-2020,"High potential client, fast-track onboarding recommended.",New Business,Refresh KYC,TRUE
Non-Borrowing,FALSE,Financial Institution,Hedge Funds,Maria Garcia,13-02-2023,HK,124316,407156,133719,796974,Client meets all KYC requirements.,Priya Nair,02-07-2020,None,DE,Client decision,4,Prospect_4,User Referral,Gold,Gold,Standalone,Qualify,77198.36,22562.34,180685.2,CASE100021,,Complete,Low,HONG KONG,Open,18-12-2023,27-10-2025,13-10-2024,"Compliance review in progress, awaiting approvals.",Refresh KYC,New Business,FALSE
Non-Borrowing,FALSE,Global Corporate,FI - Financial Sponsors,Sarah Lee,14-05-2020,AU,757337,345631,701749,402952,Existing group relationship.,John Mathews,29-11-2025,None,IN,Auto disqualified,4,Prospect_4,Self,Portfolio,Gold,Subsidiary,Qualify,718.69,33108.07,164155.71,CASE101036,,Complete,Low,SINGAPORE,Closed,17-12-2024,12-09-2020,26-02-2022,Onboarding delayed due to missing tax documents.,Refresh KYC,New Business,TRUE
Borrowing,TRUE,Financial Institution,Middle Markets,Lisa Wong,25-01-2025,HK,266786,389974,617041,104799,Existing group relationship.,Lisa Wong,04-06-2021,Liquidity provider,IN,Auto disqualified,4,Prospect_4,User Referral,Converted,Portfolio,Standalone,Qualify,20892.53,144781.22,173218.67,CASE101631,LE200005,Complete,High,SINGAPORE,Open,19-06-2021,08-10-2021,06-02-2025,Client classified as low risk after initial screening.,Refresh KYC,New Business,FALSE
Non-Borrowing,FALSE,Middle Market,Global Subsidiaries GC,Maria Garcia,26-02-2020,AU,856742,360084,698648,404434,Strong revenue potential.,Sarah Lee,30-05-2020,Transaction participation counterparty / SPV,DE,Client decision,4,Prospect_4,User Referral,Disqualified,Platinum,Standalone,Onboarding In Progress,42133.9,119589.11,128838.94,CASE102791,,Validation,High,SINGAPORE,Open,20-09-2023,02-01-2023,28-10-2025,Pending additional KYC documentation from client.,New Business,New Business,TRUE
Non-Borrowing,FALSE,Local Corporate,Finance Companies,Priya Nair,19-03-2023,US,947017,808577,195419,121131,Strong revenue potential.,David Chen,24-08-2021,Co-Borrower / Guarantor,GB,Auto disqualified,4,Prospect_4,User Referral,Portfolio,Platinum,Group,Qualify,66649.98,27005.15,17093.15,CASE102798,,Complete,Medium,INDIA,Closed,18-09-2022,25-02-2024,18-09-2024,Enhanced due diligence recommended based on risk factors.,New Business,New Business,FALSE
Borrowing,FALSE,Local Corporate,Finance Companies,John Mathews,07-07-2021,DE,838343,484501,866472,405846,Client meets all KYC requirements.,Emily Davis,13-02-2022,Liquidity provider,IN,Client decision,4,Prospect_4,Self,Gold,Gold,Group,Draft,29171.26,77779.17,24182.26,CASE104864,,Validation,Medium,HONG KONG,Open,29-02-2020,11-06-2020,19-11-2024,"High potential client, fast-track onboarding recommended.",New Business,Refresh KYC,TRUE
Borrowing,TRUE,Financial Institution,Financial Sponsors - Portfolio Companies,Kunal Mehta,25-06-2024,HK,483356,948823,318814,806044,Client meets all KYC requirements.,Kunal Mehta,11-04-2020,Co-Borrower / Guarantor,HK,Client decision,4,Prospect_4,Self,Portfolio,Gold,Group,Onboarding In Progress,592.62,8006.39,157817.29,CASE104888,,Business Acceptance,Low,HONG KONG,Open,07-10-2022,05-12-2024,21-07-2024,"Compliance review in progress, awaiting approvals.",New Business,Refresh KYC,FALSE
Borrowing,FALSE,Financial Institution,Local Corporates,Kunal Mehta,16-10-2024,IN,374291,147669,801088,891915,Existing group relationship.,Emily Davis,19-11-2022,Liquidity provider,GB,Auto disqualified,4,Prospect_4,User Referral,Lead,Portfolio,Standalone,Onboarding In Progress,14212.1,120547.27,143450.41,CASE109416,,Business Acceptance,High,HONG KONG,Open,01-08-2020,12-09-2020,19-06-2025,Enhanced due diligence recommended based on risk factors.,Refresh KYC,New Business,FALSE
Borrowing,FALSE,Local Corporate,Finance Companies,Emily Davis,14-07-2021,DE,807944,415250,942220,440521,Existing group relationship.,Priya Nair,05-01-2023,Liquidity provider,GB,Client decision,5,Prospect_5,User Referral,Lead,Platinum,Subsidiary,Qualify,23259.17,110972.82,19683.69,CASE100965,,Validation,Low,HONG KONG,Closed,31-01-2022,13-02-2025,26-05-2024,Client onboarding completed successfully.,Refresh KYC,New Business,FALSE
Non-Borrowing,TRUE,Local Corporate,FI - Financial Sponsors,Emily Davis,03-07-2024,IN,165657,134620,680460,556503,Client meets all KYC requirements.,Rohit Sharma,23-02-2024,Co-Borrower / Guarantor,SG,Client decision,5,Prospect_5,User Referral,Disqualified,Portfolio,Standalone,Onboarding In Progress,86251.12,87487.02,135385.04,CASE103318,,Complete,Low,SINGAPORE,Open,16-10-2023,23-09-2022,18-01-2022,Client classified as low risk after initial screening.,New Business,New Business,TRUE
Non-Borrowing,FALSE,Global Corporate,Origination GC,Kunal Mehta,20-02-2020,SG,506304,913188,620097,340005,High strategic importance.,Rohit Sharma,12-02-2025,Liquidity provider,DE,Auto disqualified,5,Prospect_5,Self,Disqualified,Portfolio,Group,Converted,93445.23,124672.52,145401.25,CASE108472,,Complete,Medium,INDIA,Open,17-09-2025,21-01-2022,26-08-2022,"Compliance review in progress, awaiting approvals.",New Business,Refresh KYC,FALSE
Borrowing,FALSE,Local Corporate,FI - Financial Sponsors,Sarah Lee,16-11-2024,GB,506468,520631,865088,704414,Existing group relationship.,John Mathews,15-02-2022,Co-Borrower / Guarantor,IN,Auto disqualified,5,Prospect_5,User Referral,Gold,Portfolio,Standalone,Converted,22819.95,12869.28,31799.4,CASE108624,,Business Acceptance,High,HONG KONG,Open,18-06-2021,07-06-2025,03-08-2023,Client onboarding completed successfully.,Refresh KYC,New Business,FALSE
Non-Borrowing,FALSE,Middle Market,Origination GC,Rohit Sharma,20-09-2024,DE,779031,644654,334037,918258,High strategic importance.,Sarah Lee,30-04-2022,Liquidity provider,IN,Client decision,6,Prospect_6,User Referral,Silver,Portfolio,Subsidiary,Converted,27427.92,55369.42,45073.64,CASE102386,,Business Acceptance,Medium,INDIA,Closed,22-11-2021,30-05-2025,15-07-2022,"High potential client, fast-track onboarding recommended.",New Business,New Business,FALSE
Borrowing,FALSE,Global Corporate,Origination GC,Priya Nair,04-10-2023,SG,946469,851653,340462,528328,Existing group relationship.,Lisa Wong,16-09-2025,Transaction participation counterparty / SPV,IN,Auto disqualified,6,Prospect_6,Self,Silver,Portfolio,Subsidiary,Qualify,25882.68,71920.86,100539.89,CASE102917,,Validation,High,INDIA,Open,08-04-2024,05-12-2024,17-08-2025,Enhanced due diligence recommended based on risk factors.,New Business,Refresh KYC,FALSE
Borrowing,FALSE,Financial Institution,FI - Financial Sponsors,Sarah Lee,27-06-2025,HK,749584,607349,936731,899243,Existing group relationship.,John Mathews,09-06-2025,Transaction participation counterparty / SPV,GB,Auto disqualified,6,Prospect_6,User Referral,Disqualified,Platinum,Group,Converted,72113.9,78337.58,116604.27,CASE106551,,Complete,Medium,INDIA,Open,17-10-2021,15-05-2020,23-04-2023,Onboarding delayed due to missing tax documents.,Refresh KYC,New Business,FALSE
Non-Borrowing,FALSE,Local Corporate,Origination GC,Kunal Mehta,02-12-2022,HK,349510,877786,848641,673173,Strong revenue potential.,Lisa Wong,06-09-2020,Transaction participation counterparty / SPV,SG,Auto disqualified,6,Prospect_6,Self,Lead,Platinum,Group,Converted,54568.64,114239.82,178424.88,CASE109896,,Business Acceptance,High,HONG KONG,Open,29-01-2022,19-09-2021,17-01-2023,Client onboarding completed successfully.,New Business,Refresh KYC,TRUE
Non-Borrowing,TRUE,Financial Institution,Global Subsidiaries GC,Amit Singh,27-12-2020,GB,525173,790415,669034,242276,Existing group relationship.,Rohit Sharma,08-04-2020,Co-Borrower / Guarantor,DE,Auto disqualified,7,Prospect_7,Self,Gold,Portfolio,Subsidiary,Qualify,58094.44,141839.66,136670.49,CASE104290,,Complete,High,HONG KONG,Open,15-10-2022,27-05-2024,26-03-2021,Pending additional KYC documentation from client.,New Business,New Business,FALSE
Borrowing,FALSE,Local Corporate,Fintech - Other,David Chen,14-03-2020,DE,485753,270600,530973,603448,Client meets all KYC requirements.,Amit Singh,01-03-2020,Transaction participation counterparty / SPV,IN,Auto disqualified,7,Prospect_7,User Referral,Portfolio,Gold,Subsidiary,Converted,33874.36,149858.76,102236.7,CASE108224,,Complete,Medium,SINGAPORE,Open,24-02-2023,20-03-2024,01-02-2025,Enhanced due diligence recommended based on risk factors.,Refresh KYC,Refresh KYC,TRUE
Non-Borrowing,FALSE,Global Corporate,FI - Financial Sponsors,Emily Davis,01-03-2024,SG,233642,297348,224111,869151,High strategic importance.,Emily Davis,08-11-2020,Liquidity provider,IN,Auto disqualified,8,Prospect_8,Self,Converted,Platinum,Standalone,Onboarding In Progress,48656.1,27331.23,146253.53,CASE107477,LE200009,Business Acceptance,Low,INDIA,Closed,20-01-2021,09-05-2021,25-08-2021,Pending additional KYC documentation from client.,Refresh KYC,Refresh KYC,TRUE
Borrowing,FALSE,Local Corporate,Finance Companies,Rohit Sharma,24-10-2024,GB,831067,464045,916461,746250,Strong revenue potential.,Lisa Wong,30-06-2022,None,IN,Client decision,9,Prospect_9,Self,Gold,Portfolio,Standalone,Onboarding In Progress,58689.89,128454.81,183522.71,CASE102844,,Business Acceptance,High,HONG KONG,Closed,10-02-2022,01-11-2024,21-01-2022,Enhanced due diligence recommended based on risk factors.,New Business,New Business,FALSE
Borrowing,FALSE,Local Corporate,Middle Markets,Kunal Mehta,26-09-2024,GB,301800,569411,241818,533600,High strategic importance.,John Mathews,20-07-2020,Transaction participation counterparty / SPV,GB,Auto disqualified,9,Prospect_9,Self,Disqualified,Portfolio,Subsidiary,Draft,82846.6,97042.74,140092.75,CASE106643,,Business Acceptance,Medium,SINGAPORE,Closed,16-02-2020,05-03-2021,04-11-2022,Client classified as low risk after initial screening.,Refresh KYC,Refresh KYC,FALSE
Borrowing,FALSE,Local Corporate,Origination GC,David Chen,30-10-2023,DE,649734,610075,994040,357404,Existing group relationship.,John Mathews,11-03-2024,Transaction participation counterparty / SPV,IN,Client decision,9,Prospect_9,User Referral,Disqualified,Platinum,Subsidiary,Draft,14444.35,100436.1,75048.07,CASE109601,,Business Acceptance,Low,SINGAPORE,Closed,17-11-2021,03-06-2023,10-08-2024,Onboarding delayed due to missing tax documents.,New Business,New Business,FALSE
Borrowing,TRUE,Global Corporate,Finance Companies,Emily Davis,14-09-2023,AU,344397,240104,669967,220526,Strong revenue potential.,Lisa Wong,29-09-2024,Co-Borrower / Guarantor,HK,Auto disqualified,10,Prospect_10,Self,Portfolio,Platinum,Standalone,Qualify,82703.18,118703.92,88956.09,CASE102152,,Validation,Medium,SINGAPORE,Closed,13-06-2021,19-09-2021,17-06-2021,Client classified as low risk after initial screening.,New Business,Refresh KYC,TRUE
Borrowing,FALSE,Middle Market,Financial Sponsors - Portfolio Companies,Kunal Mehta,05-09-2022,DE,719074,636051,426780,952490,Strong revenue potential.,Maria Garcia,27-02-2022,Transaction participation counterparty / SPV,HK,Auto disqualified,10,Prospect_10,Self,Disqualified,Gold,Standalone,Draft,90979.99,135743.23,96444.1,CASE104093,,Business Acceptance,Medium,INDIA,Closed,02-11-2022,24-03-2024,30-10-2022,"Compliance review in progress, awaiting approvals.",New Business,New Business,TRUE
Non-Borrowing,TRUE,Global Corporate,FI - Financial Sponsors,Lisa Wong,06-01-2023,IN,281094,321141,443344,982141,High strategic importance.,Kunal Mehta,03-04-2023,None,DE,Auto disqualified,10,Prospect_10,Self,Gold,Platinum,Subsidiary,Qualify,86391.32,118224.41,46103.04,CASE104626,,Business Acceptance,High,INDIA,Open,18-05-2021,07-07-2023,02-09-2023,"Compliance review in progress, awaiting approvals.",Refresh KYC,Refresh KYC,FALSE
Non-Borrowing,FALSE,Financial Institution,Global Subsidiaries GC,John Mathews,22-04-2022,SG,395293,932143,471650,541957,Client meets all KYC requirements.,David Chen,21-11-2020,Transaction participation counterparty / SPV,IN,Client decision,10,Prospect_10,User Referral,Portfolio,Gold,Subsidiary,Qualify,61899.37,109717.44,58498.74,CASE108136,,Complete,High,SINGAPORE,Closed,14-01-2024,25-07-2023,16-01-2020,Client onboarding completed successfully.,Refresh KYC,New Business,FALSE
Non-Borrowing,FALSE,Global Corporate,Global Subsidiaries GC,John Mathews,19-11-2021,AU,676870,387349,257868,646275,Client meets all KYC requirements.,Rohit Sharma,22-12-2024,Co-Borrower / Guarantor,IN,Client decision,11,Prospect_11,Self,Qualified,Platinum,Standalone,Qualify,47173.98,63327.44,72631.91,CASE107619,,Complete,High,INDIA,Closed,23-09-2022,28-06-2022,30-05-2021,Client onboarding completed successfully.,New Business,Refresh KYC,FALSE
Non-Borrowing,TRUE,Middle Market,Global Subsidiaries GC,David Chen,31-01-2025,IN,549005,907203,645754,303921,High strategic importance.,Priya Nair,16-10-2020,Co-Borrower / Guarantor,GB,Client decision,12,Prospect_12,User Referral,Converted,Platinum,Subsidiary,Converted,1336.04,58691.39,129610.07,CASE101716,LE200013,Validation,Low,HONG KONG,Open,14-12-2023,20-06-2023,23-12-2023,"High potential client, fast-track onboarding recommended.",Refresh KYC,New Business,FALSE
Borrowing,FALSE,Middle Market,Financial Sponsors - Portfolio Companies,Sarah Lee,13-05-2024,AU,424692,188653,223239,612289,High strategic importance.,Amit Singh,13-07-2023,Liquidity provider,AU,Client decision,12,Prospect_12,User Referral,Disqualified,Platinum,Group,Converted,70161.94,141351.38,40819.52,CASE108292,,Business Acceptance,Low,HONG KONG,Open,15-04-2021,29-10-2025,28-09-2020,"Compliance review in progress, awaiting approvals.",New Business,Refresh KYC,TRUE
Borrowing,FALSE,Global Corporate,Fintech - Other,Kunal Mehta,18-10-2023,AU,538597,982714,779694,164893,High strategic importance.,Emily Davis,21-04-2023,None,AU,Auto disqualified,13,Prospect_13,Self,Portfolio,Gold,Standalone,Draft,17525.14,127672.22,63144.48,CASE100887,,Complete,Low,HONG KONG,Open,17-02-2020,03-12-2022,26-10-2025,Onboarding delayed due to missing tax documents.,Refresh KYC,Refresh KYC,TRUE
Borrowing,TRUE,Financial Institution,Fintech - Other,Kunal Mehta,13-08-2024,US,613277,753899,564968,924982,High strategic importance.,Kunal Mehta,15-07-2020,Liquidity provider,AU,Auto disqualified,13,Prospect_13,User Referral,Silver,Portfolio,Group,Converted,52161.38,80306.88,147404,CASE104496,,Complete,Medium,SINGAPORE,Open,03-05-2022,03-12-2025,21-11-2025,Pending additional KYC documentation from client.,Refresh KYC,New Business,TRUE
Non-Borrowing,FALSE,Local Corporate,Hedge Funds,Amit Singh,28-03-2025,AU,316452,991286,782942,799363,Client meets all KYC requirements.,Lisa Wong,10-05-2024,Transaction participation counterparty / SPV,AU,Auto disqualified,13,Prospect_13,Self,Silver,Portfolio,Subsidiary,Draft,62584.99,78571.58,168980.44,CASE108383,,Validation,Medium,HONG KONG,Open,03-05-2023,24-11-2024,29-03-2021,Onboarding delayed due to missing tax documents.,New Business,Refresh KYC,FALSE
Borrowing,FALSE,Middle Market,FI - Financial Sponsors,Lisa Wong,20-05-2021,AU,961159,629127,243583,872237,High strategic importance.,Kunal Mehta,24-01-2021,None,GB,Client decision,13,Prospect_13,User Referral,Disqualified,Platinum,Group,Draft,34097.61,55846.61,156031.12,CASE108896,,Complete,Medium,INDIA,Closed,07-10-2024,20-06-2025,22-05-2020,Client onboarding completed successfully.,Refresh KYC,Refresh KYC,TRUE
Non-Borrowing,TRUE,Local Corporate,Financial Sponsors - Portfolio Companies,Sarah Lee,13-09-2024,HK,515386,919133,736511,500302,Strong revenue potential.,David Chen,13-09-2024,None,HK,Auto disqualified,14,Prospect_14,Self,Gold,Portfolio,Subsidiary,Draft,87129.26,20874.69,35744.22,CASE100258,,Validation,Medium,HONG KONG,Closed,02-10-2022,09-11-2022,29-10-2025,Client onboarding completed successfully.,Refresh KYC,Refresh KYC,FALSE
Non-Borrowing,FALSE,Financial Institution,Origination GC,Priya Nair,05-11-2021,SG,268653,153137,139093,831022,Strong revenue potential.,David Chen,11-08-2022,Transaction participation counterparty / SPV,DE,Auto disqualified,14,Prospect_14,Self,Silver,Portfolio,Group,Draft,17955.53,64807.42,15567.68,CASE106152,,Validation,Medium,HONG KONG,Open,08-07-2021,10-08-2022,15-01-2024,"High potential client, fast-track onboarding recommended.",Refresh KYC,New Business,TRUE
Non-Borrowing,TRUE,Financial Institution,Local Corporates,Maria Garcia,17-02-2025,GB,732912,281781,547213,604209,Existing group relationship.,John Mathews,02-02-2023,Liquidity provider,GB,Client decision,15,Prospect_15,Self,Lead,Platinum,Subsidiary,Qualify,21308.68,136123.49,169410.15,CASE101529,,Business Acceptance,Medium,INDIA,Closed,19-10-2022,16-09-2024,31-10-2023,Client onboarding completed successfully.,New Business,Refresh KYC,FALSE
Non-Borrowing,TRUE,Middle Market,FI - Financial Sponsors,Rohit Sharma,18-05-2024,HK,265819,274805,622129,541509,Existing group relationship.,Amit Singh,23-09-2022,Transaction participation counterparty / SPV,GB,Client decision,15,Prospect_15,User Referral,Disqualified,Portfolio,Group,Onboarding In Progress,16991.82,19942.15,174458.17,CASE109859,,Validation,Low,HONG KONG,Closed,19-06-2024,19-06-2023,17-02-2020,Onboarding delayed due to missing tax documents.,New Business,New Business,FALSE
Non-Borrowing,TRUE,Financial Institution,FI - Financial Sponsors,Amit Singh,28-05-2024,HK,232210,585548,591256,741904,Client meets all KYC requirements.,Emily Davis,12-11-2020,Transaction participation counterparty / SPV,IN,Client decision,16,Prospect_16,Self,Converted,Portfolio,Group,Converted,70713.98,1390.75,155812.16,CASE103767,LE200017,Business Acceptance,Medium,HONG KONG,Open,11-06-2021,07-04-2025,06-10-2025,Onboarding delayed due to missing tax documents.,New Business,Refresh KYC,TRUE
Borrowing,FALSE,Global Corporate,FI - Financial Sponsors,Kunal Mehta,21-10-2021,HK,662927,590099,516478,910137,Strong revenue potential.,Emily Davis,26-01-2023,Transaction participation counterparty / SPV,HK,Auto disqualified,16,Prospect_16,User Referral,Gold,Gold,Subsidiary,Onboarding In Progress,96698.02,85014.47,174697.16,CASE103878,,Validation,Low,HONG KONG,Open,04-03-2020,18-08-2021,17-11-2022,Client classified as low risk after initial screening.,New Business,Refresh KYC,TRUE
Borrowing,FALSE,Global Corporate,Middle Markets,Emily Davis,06-03-2025,HK,728644,866098,244420,183818,Strong revenue potential.,Priya Nair,26-06-2020,Transaction participation counterparty / SPV,GB,Auto disqualified,16,Prospect_16,Self,Disqualified,Portfolio,Subsidiary,Draft,48159.45,24064.94,11524.83,CASE108200,,Business Acceptance,High,HONG KONG,Open,28-12-2024,05-04-2023,29-09-2022,Onboarding delayed due to missing tax documents.,New Business,Refresh KYC,TRUE
Non-Borrowing,TRUE,Financial Institution,Local Corporates,Amit Singh,27-11-2021,AU,563960,159482,272370,143011,Existing group relationship.,Priya Nair,02-03-2024,Co-Borrower / Guarantor,US,Client decision,17,Prospect_17,User Referral,Qualified,Portfolio,Standalone,Onboarding In Progress,4482.89,61501.71,88009.36,CASE100920,,Business Acceptance,High,INDIA,Open,26-02-2021,14-04-2024,12-07-2020,Pending additional KYC documentation from client.,Refresh KYC,Refresh KYC,TRUE
Borrowing,TRUE,Financial Institution,Financial Sponsors - Portfolio Companies,Priya Nair,17-03-2020,SG,851184,825719,907598,472888,High strategic importance.,Sarah Lee,09-10-2025,None,HK,Auto disqualified,17,Prospect_17,User Referral,Disqualified,Portfolio,Group,Draft,25876.42,123082.48,192598.73,CASE104766,,Complete,Low,HONG KONG,Open,23-07-2023,26-06-2024,18-05-2021,Client onboarding completed successfully.,Refresh KYC,New Business,FALSE
Borrowing,FALSE,Local Corporate,Hedge Funds,Maria Garcia,28-06-2020,IN,633567,105243,680635,223097,High strategic importance.,Sarah Lee,06-06-2020,None,SG,Auto disqualified,17,Prospect_17,User Referral,Gold,Gold,Standalone,Qualify,74999.95,16991.28,158036.03,CASE108299,,Validation,High,HONG KONG,Closed,07-01-2022,02-08-2020,19-02-2020,Enhanced due diligence recommended based on risk factors.,Refresh KYC,New Business,FALSE
Borrowing,FALSE,Middle Market,Middle Markets,John Mathews,07-05-2021,US,807253,925571,692696,153638,Strong revenue potential.,Lisa Wong,28-05-2025,None,GB,Auto disqualified,17,Prospect_17,Self,Converted,Platinum,Subsidiary,Onboarding In Progress,41503.32,54160.93,32252.23,CASE109184,LE200018,Business Acceptance,Medium,HONG KONG,Closed,30-10-2023,10-02-2023,27-09-2021,Pending additional KYC documentation from client.,New Business,New Business,FALSE
Borrowing,TRUE,Financial Institution,Financial Sponsors - Portfolio Companies,David Chen,26-07-2022,AU,854766,300041,893022,834626,High strategic importance.,David Chen,23-02-2023,Liquidity provider,SG,Auto disqualified,18,Prospect_18,Self,Portfolio,Portfolio,Subsidiary,Onboarding In Progress,2612.39,118238.53,173873.4,CASE102725,,Validation,Medium,SINGAPORE,Open,10-12-2023,24-06-2021,19-03-2020,"High potential client, fast-track onboarding recommended.",Refresh KYC,Refresh KYC,TRUE
Non-Borrowing,TRUE,Middle Market,Finance Companies,Lisa Wong,06-07-2024,AU,281882,629985,584481,408429,Strong revenue potential.,Kunal Mehta,31-03-2021,Liquidity provider,US,Client decision,18,Prospect_18,User Referral,Silver,Portfolio,Standalone,Onboarding In Progress,80007.48,71893.32,197154.42,CASE107065,,Validation,High,SINGAPORE,Closed,08-03-2022,23-10-2025,06-02-2024,Onboarding delayed due to missing tax documents.,Refresh KYC,Refresh KYC,TRUE
Borrowing,TRUE,Middle Market,Middle Markets,Kunal Mehta,03-02-2020,DE,702405,974025,624981,465749,Client meets all KYC requirements.,Kunal Mehta,18-08-2022,Transaction participation counterparty / SPV,IN,Client decision,19,Prospect_19,User Referral,Lead,Gold,Standalone,Converted,19832.06,33858.57,42678.79,CASE104651,,Business Acceptance,High,INDIA,Closed,08-02-2021,30-10-2022,07-10-2023,"High potential client, fast-track onboarding recommended.",Refresh KYC,New Business,TRUE
Non-Borrowing,FALSE,Global Corporate,Middle Markets,Priya Nair,25-08-2024,GB,624519,903553,347771,719199,High strategic importance.,Sarah Lee,10-08-2024,Transaction participation counterparty / SPV,GB,Client decision,19,Prospect_19,Self,Portfolio,Portfolio,Standalone,Qualify,63216.26,81019.53,158078.57,CASE105300,,Business Acceptance,High,HONG KONG,Closed,11-09-2022,17-11-2020,02-11-2021,Client classified as low risk after initial screening.,Refresh KYC,New Business,TRUE
Non-Borrowing,FALSE,Middle Market,Financial Sponsors - Portfolio Companies,Kunal Mehta,05-04-2021,IN,723736,785825,393486,194308,Client meets all KYC requirements.,Lisa Wong,29-09-2021,Transaction participation counterparty / SPV,DE,Auto disqualified,20,Prospect_20,Self,Gold,Gold,Subsidiary,Qualify,54744.25,125583.64,181195.89,CASE109375,,Business Acceptance,Low,SINGAPORE,Open,20-05-2025,04-06-2022,29-12-2021,Client onboarding completed successfully.,Refresh KYC,New Business,TRUE
Borrowing,FALSE,Financial Institution,Fintech - Other,Emily Davis,24-10-2024,DE,804059,811631,940976,875909,Client meets all KYC requirements.,Lisa Wong,23-10-2020,Co-Borrower / Guarantor,HK,Client decision,21,Prospect_21,Self,Silver,Gold,Subsidiary,Onboarding In Progress,32130.05,17735.85,905.84,CASE103516,,Validation,High,SINGAPORE,Open,10-04-2024,28-04-2025,14-02-2021,Enhanced due diligence recommended based on risk factors.,Refresh KYC,Refresh KYC,TRUE
Non-Borrowing,FALSE,Global Corporate,Global Subsidiaries GC,Priya Nair,27-12-2021,GB,600776,780096,500307,667841,Client meets all KYC requirements.,Emily Davis,12-07-2020,Co-Borrower / Guarantor,DE,Auto disqualified,21,Prospect_21,User Referral,Qualified,Gold,Subsidiary,Qualify,31664.8,121075.17,143280.9,CASE105251,,Complete,Low,INDIA,Closed,24-11-2021,21-07-2024,12-04-2025,"High potential client, fast-track onboarding recommended.",New Business,Refresh KYC,FALSE
Borrowing,TRUE,Global Corporate,FI - Financial Sponsors,Rohit Sharma,06-08-2025,SG,763089,885384,273914,918328,Client meets all KYC requirements.,Amit Singh,29-03-2021,Co-Borrower / Guarantor,GB,Auto disqualified,21,Prospect_21,Self,Converted,Gold,Subsidiary,Qualify,59381.83,82638.61,89584.92,CASE106536,LE200022,Business Acceptance,High,HONG KONG,Closed,07-07-2024,25-09-2022,14-07-2021,Client classified as low risk after initial screening.,Refresh KYC,Refresh KYC,FALSE
Non-Borrowing,FALSE,Local Corporate,Financial Sponsors - Portfolio Companies,David Chen,05-01-2022,US,130411,189896,920158,897555,High strategic importance.,Maria Garcia,10-02-2025,Liquidity provider,SG,Client decision,21,Prospect_21,User Referral,Portfolio,Portfolio,Standalone,Draft,78508.58,112487.66,114033.98,CASE108746,,Validation,Low,INDIA,Closed,09-06-2024,28-06-2020,08-06-2024,Pending additional KYC documentation from client.,New Business,New Business,TRUE
Borrowing,FALSE,Global Corporate,Global Subsidiaries GC,Priya Nair,04-02-2023,GB,245761,624041,641751,220463,Client meets all KYC requirements.,David Chen,07-08-2020,Co-Borrower / Guarantor,AU,Client decision,21,Prospect_21,User Referral,Lead,Portfolio,Subsidiary,Converted,58354.56,125113.4,50286.63,CASE109178,,Validation,Low,SINGAPORE,Open,14-12-2023,15-05-2024,15-12-2020,Pending additional KYC documentation from client.,Refresh KYC,New Business,FALSE
Borrowing,TRUE,Financial Institution,Middle Markets,Priya Nair,27-09-2023,US,166107,167799,116310,475072,Client meets all KYC requirements.,Rohit Sharma,08-10-2020,Liquidity provider,DE,Client decision,22,Prospect_22,User Referral,Gold,Gold,Standalone,Qualify,96571.19,146297.92,98468.61,CASE105400,,Complete,High,HONG KONG,Closed,18-10-2021,11-04-2025,10-07-2020,Client onboarding completed successfully.,New Business,New Business,FALSE
Borrowing,FALSE,Global Corporate,Fintech - Other,Sarah Lee,10-05-2023,HK,239491,649296,495123,563118,High strategic importance.,Emily Davis,14-03-2021,Co-Borrower / Guarantor,GB,Auto disqualified,22,Prospect_22,Self,Silver,Portfolio,Subsidiary,Qualify,62455.77,124052.87,20882.42,CASE108995,,Business Acceptance,Medium,HONG KONG,Closed,24-06-2023,12-01-2023,30-04-2025,Enhanced due diligence recommended based on risk factors.,New Business,New Business,FALSE
Borrowing,TRUE,Local Corporate,Financial Sponsors - Portfolio Companies,Sarah Lee,10-05-2024,DE,935061,474584,815360,425623,Existing group relationship.,Rohit Sharma,03-02-2021,Co-Borrower / Guarantor,US,Client decision,23,Prospect_23,User Referral,Disqualified,Platinum,Subsidiary,Qualify,50407.77,115415.17,192295.84,CASE107064,,Business Acceptance,Low,SINGAPORE,Closed,13-01-2021,21-04-2025,03-12-2022,"High potential client, fast-track onboarding recommended.",New Business,New Business,TRUE
Non-Borrowing,FALSE,Global Corporate,Financial Sponsors - Portfolio Companies,David Chen,14-07-2021,IN,527459,161592,279608,367655,Client meets all KYC requirements.,Lisa Wong,08-06-2020,Co-Borrower / Guarantor,US,Client decision,24,Prospect_24,User Referral,Gold,Portfolio,Subsidiary,Qualify,88926.3,52697.29,135812.73,CASE106309,,Business Acceptance,Medium,HONG KONG,Closed,18-08-2025,14-05-2025,21-04-2021,Pending additional KYC documentation from client.,New Business,Refresh KYC,TRUE
Borrowing,TRUE,Global Corporate,Hedge Funds,Kunal Mehta,20-11-2021,DE,167037,269319,292374,601438,Existing group relationship.,Lisa Wong,22-01-2023,None,US,Auto disqualified,24,Prospect_24,Self,Qualified,Portfolio,Subsidiary,Converted,44181.97,51764.94,11585.67,CASE107014,,Business Acceptance,Low,INDIA,Open,02-07-2022,06-10-2023,21-11-2025,"High potential client, fast-track onboarding recommended.",Refresh KYC,New Business,FALSE
Borrowing,TRUE,Financial Institution,Local Corporates,John Mathews,03-10-2022,GB,899971,486758,564813,234422,Client meets all KYC requirements.,Lisa Wong,03-09-2023,Co-Borrower / Guarantor,SG,Auto disqualified,25,Prospect_25,User Referral,Disqualified,Portfolio,Subsidiary,Qualify,65339.79,64928.9,84504.07,CASE103037,,Complete,High,HONG KONG,Closed,07-05-2021,17-03-2020,29-03-2025,Enhanced due diligence recommended based on risk factors.,New Business,New Business,TRUE
Non-Borrowing,TRUE,Middle Market,Local Corporates,Rohit Sharma,06-07-2023,US,692788,530607,255972,185642,High strategic importance.,Lisa Wong,17-10-2021,Liquidity provider,US,Auto disqualified,25,Prospect_25,Self,Gold,Gold,Group,Qualify,37530.21,114452.45,155718.79,CASE104048,,Business Acceptance,High,SINGAPORE,Closed,05-06-2021,01-08-2025,09-10-2022,"High potential client, fast-track onboarding recommended.",Refresh KYC,Refresh KYC,FALSE
Borrowing,TRUE,Financial Institution,Local Corporates,Maria Garcia,09-10-2024,SG,757814,890455,907410,219616,Strong revenue potential.,Amit Singh,27-05-2025,Transaction participation counterparty / SPV,SG,Auto disqualified,25,Prospect_25,User Referral,Disqualified,Platinum,Standalone,Qualify,71810.95,86225.09,8299.11,CASE105591,,Complete,High,HONG KONG,Closed,09-06-2023,03-07-2024,04-04-2024,Pending additional KYC documentation from client.,New Business,Refresh KYC,FALSE
Borrowing,FALSE,Global Corporate,Global Subsidiaries GC,Lisa Wong,30-08-2025,HK,815867,247772,503500,467714,Client meets all KYC requirements.,Lisa Wong,17-04-2020,Transaction participation counterparty / SPV,DE,Auto disqualified,26,Prospect_26,Self,Silver,Portfolio,Group,Onboarding In Progress,80588.23,46907.65,188345.51,CASE103372,,Complete,Medium,HONG KONG,Closed,03-10-2025,05-04-2022,28-04-2025,Onboarding delayed due to missing tax documents.,Refresh KYC,Refresh KYC,FALSE
Non-Borrowing,TRUE,Middle Market,Global Subsidiaries GC,Sarah Lee,14-05-2024,HK,269052,546068,497004,982591,High strategic importance.,Maria Garcia,08-09-2024,None,IN,Auto disqualified,26,Prospect_26,Self,Qualified,Portfolio,Group,Draft,77235.6,147064.79,165566.17,CASE103971,,Validation,High,SINGAPORE,Open,20-08-2020,26-06-2020,20-07-2020,Onboarding delayed due to missing tax documents.,Refresh KYC,Refresh KYC,FALSE
Non-Borrowing,FALSE,Middle Market,Middle Markets,Rohit Sharma,20-07-2022,US,689011,467608,376260,788869,Client meets all KYC requirements.,Priya Nair,22-07-2022,Transaction participation counterparty / SPV,SG,Auto disqualified,27,Prospect_27,Self,Gold,Gold,Group,Qualify,73708.49,70351.83,157689.16,CASE103258,,Business Acceptance,Medium,INDIA,Closed,18-03-2023,25-07-2024,12-02-2022,Client classified as low risk after initial screening.,New Business,Refresh KYC,FALSE
Non-Borrowing,TRUE,Middle Market,Finance Companies,Rohit Sharma,01-03-2025,GB,802197,195209,299269,180224,Existing group relationship.,Emily Davis,15-09-2022,Liquidity provider,HK,Client decision,27,Prospect_27,User Referral,Silver,Gold,Subsidiary,Converted,33439.04,14224.7,179126.79,CASE105331,,Business Acceptance,Low,INDIA,Open,12-02-2025,16-08-2020,16-01-2021,Onboarding delayed due to missing tax documents.,New Business,Refresh KYC,TRUE
Non-Borrowing,FALSE,Local Corporate,Local Corporates,Lisa Wong,25-07-2020,IN,446172,532499,556882,794659,Strong revenue potential.,Emily Davis,05-06-2022,Transaction participation counterparty / SPV,US,Auto disqualified,27,Prospect_27,User Referral,Disqualified,Portfolio,Group,Draft,69274.88,26756.07,199539.78,CASE105442,,Validation,Medium,SINGAPORE,Open,17-12-2024,18-10-2023,23-08-2021,"High potential client, fast-track onboarding recommended.",New Business,New Business,FALSE
Non-Borrowing,FALSE,Global Corporate,FI - Financial Sponsors,Priya Nair,11-09-2024,HK,953363,492314,509256,745974,Existing group relationship.,David Chen,16-08-2023,Liquidity provider,IN,Auto disqualified,27,Prospect_27,Self,Gold,Portfolio,Subsidiary,Draft,97971.71,65194.38,108953.31,CASE105945,,Complete,Medium,INDIA,Closed,03-12-2021,02-12-2024,22-12-2022,Pending additional KYC documentation from client.,New Business,Refresh KYC,TRUE
Non-Borrowing,FALSE,Local Corporate,Hedge Funds,Kunal Mehta,24-09-2024,AU,598356,666496,265604,382065,High strategic importance.,Emily Davis,13-02-2021,Liquidity provider,DE,Auto disqualified,27,Prospect_27,User Referral,Silver,Platinum,Subsidiary,Converted,16527.75,120792.74,199425.09,CASE107219,,Validation,Low,SINGAPORE,Open,18-11-2023,06-09-2024,16-12-2024,Client classified as low risk after initial screening.,Refresh KYC,Refresh KYC,TRUE
Borrowing,TRUE,Financial Institution,Financial Sponsors - Portfolio Companies,Sarah Lee,04-10-2022,DE,845254,364201,464492,637451,Client meets all KYC requirements.,Amit Singh,20-03-2022,Liquidity provider,US,Auto disqualified,27,Prospect_27,Self,Gold,Gold,Subsidiary,Onboarding In Progress,21922.34,106729.38,157594.04,CASE107656,,Business Acceptance,Low,HONG KONG,Closed,13-12-2023,19-08-2025,23-03-2022,"High potential client, fast-track onboarding recommended.",New Business,Refresh KYC,FALSE
Non-Borrowing,FALSE,Local Corporate,FI - Financial Sponsors,David Chen,16-09-2024,HK,105825,284202,186280,819245,Existing group relationship.,John Mathews,01-11-2021,None,GB,Client decision,27,Prospect_27,User Referral,Silver,Platinum,Standalone,Qualify,41848.41,100072.46,19387.73,CASE107744,,Validation,Medium,HONG KONG,Open,11-02-2023,12-09-2023,18-09-2021,Enhanced due diligence recommended based on risk factors.,New Business,New Business,FALSE
Non-Borrowing,TRUE,Local Corporate,Local Corporates,Maria Garcia,11-05-2021,SG,505321,313561,659251,681647,Strong revenue potential.,Priya Nair,12-01-2024,Liquidity provider,DE,Client decision,27,Prospect_27,User Referral,Qualified,Platinum,Group,Draft,34225.46,52860.77,74780.68,CASE108184,,Complete,Low,HONG KONG,Closed,28-09-2022,05-08-2020,31-12-2021,"Compliance review in progress, awaiting approvals.",New Business,New Business,FALSE
Borrowing,TRUE,Local Corporate,Finance Companies,John Mathews,24-07-2025,US,263897,618904,311519,912892,High strategic importance.,Amit Singh,01-11-2022,Liquidity provider,DE,Auto disqualified,28,Prospect_28,Self,Gold,Gold,Group,Onboarding In Progress,44105.82,27058.43,7844.21,CASE109300,,Business Acceptance,High,HONG KONG,Open,28-03-2022,06-03-2023,23-11-2023,Enhanced due diligence recommended based on risk factors.,New Business,New Business,TRUE
Non-Borrowing,FALSE,Middle Market,Global Subsidiaries GC,Kunal Mehta,10-09-2024,IN,645301,963666,760113,534329,Client meets all KYC requirements.,John Mathews,18-10-2025,None,AU,Auto disqualified,29,Prospect_29,User Referral,Silver,Platinum,Standalone,Qualify,27730.28,41801.42,120609.67,CASE103262,,Complete,Medium,HONG KONG,Closed,21-05-2023,29-04-2025,26-10-2020,"High potential client, fast-track onboarding recommended.",New Business,Refresh KYC,TRUE
Borrowing,FALSE,Global Corporate,FI - Financial Sponsors,Emily Davis,04-02-2023,GB,354999,561740,520305,141577,High strategic importance.,Rohit Sharma,06-08-2022,Co-Borrower / Guarantor,HK,Client decision,29,Prospect_29,User Referral,Gold,Gold,Standalone,Qualify,94206.21,36016.7,78629.66,CASE106153,,Complete,Low,SINGAPORE,Open,26-02-2022,23-06-2024,04-10-2023,"Compliance review in progress, awaiting approvals.",Refresh KYC,Refresh KYC,FALSE
Non-Borrowing,FALSE,Middle Market,FI - Financial Sponsors,David Chen,02-10-2021,IN,624911,341176,988414,866902,Strong revenue potential.,Kunal Mehta,08-02-2020,None,SG,Client decision,29,Prospect_29,Self,Portfolio,Gold,Standalone,Draft,48784.06,61925.19,50071.72,CASE107256,,Validation,Medium,HONG KONG,Open,26-05-2024,21-03-2020,05-12-2023,Client classified as low risk after initial screening.,New Business,Refresh KYC,TRUE
Non-Borrowing,TRUE,Financial Institution,Origination GC,Rohit Sharma,24-05-2024,AU,638651,608505,767228,836660,Existing group relationship.,Maria Garcia,28-08-2024,Transaction participation counterparty / SPV,AU,Client decision,29,Prospect_29,User Referral,Qualified,Gold,Group,Onboarding In Progress,13888.58,101997.54,167300.12,CASE107749,,Business Acceptance,Medium,SINGAPORE,Closed,25-06-2022,07-11-2024,24-01-2022,Client onboarding completed successfully.,New Business,Refresh KYC,TRUE
Non-Borrowing,TRUE,Middle Market,Financial Sponsors - Portfolio Companies,Lisa Wong,27-02-2022,AU,493927,976199,716342,974931,Strong revenue potential.,Maria Garcia,22-03-2022,Co-Borrower / Guarantor,DE,Client decision,29,Prospect_29,User Referral,Converted,Platinum,Group,Qualify,62019.06,148672.68,60548.09,CASE107817,LE200030,Validation,High,INDIA,Open,08-02-2024,01-09-2023,27-01-2022,Pending additional KYC documentation from client.,New Business,New Business,TRUE
Non-Borrowing,TRUE,Global Corporate,Origination GC,Lisa Wong,26-09-2021,HK,488889,651905,411940,425669,Strong revenue potential.,Maria Garcia,22-04-2025,Liquidity provider,SG,Auto disqualified,30,Prospect_30,Self,Silver,Portfolio,Group,Converted,32788.4,79093.7,121685.82,CASE100233,,Validation,Low,SINGAPORE,Closed,03-06-2024,17-11-2020,22-09-2024,"High potential client, fast-track onboarding recommended.",New Business,Refresh KYC,FALSE
Non-Borrowing,TRUE,Local Corporate,Global Subsidiaries GC,Emily Davis,21-09-2021,SG,974955,360536,372919,312004,Existing group relationship.,David Chen,01-11-2023,None,IN,Auto disqualified,30,Prospect_30,User Referral,Gold,Platinum,Subsidiary,Qualify,41359.24,39351.11,3092.67,CASE103885,,Business Acceptance,Medium,SINGAPORE,Closed,03-06-2025,21-05-2025,04-09-2023,Enhanced due diligence recommended based on risk factors.,New Business,New Business,FALSE
Borrowing,FALSE,Middle Market,Local Corporates,Rohit Sharma,08-02-2021,DE,613558,670173,114276,111841,Client meets all KYC requirements.,Amit Singh,24-07-2025,Liquidity provider,HK,Client decision,30,Prospect_30,User Referral,Disqualified,Platinum,Group,Draft,4544.28,2027.78,89084.51,CASE104792,,Complete,Low,HONG KONG,Open,30-03-2021,16-03-2025,26-04-2024,Enhanced due diligence recommended based on risk factors.,Refresh KYC,Refresh KYC,TRUE
Non-Borrowing,FALSE,Middle Market,Financial Sponsors - Portfolio Companies,John Mathews,11-06-2025,HK,397893,876391,425665,949221,Client meets all KYC requirements.,Maria Garcia,07-10-2020,Transaction participation counterparty / SPV,HK,Auto disqualified,30,Prospect_30,Self,Gold,Gold,Group,Qualify,43514.98,115486.48,144813.54,CASE106737,,Validation,Medium,SINGAPORE,Open,04-08-2023,28-04-2020,20-07-2024,Pending additional KYC documentation from client.,New Business,New Business,TRUE
Non-Borrowing,FALSE,Financial Institution,Origination GC,Emily Davis,19-12-2022,AU,852159,516704,167867,995146,Client meets all KYC requirements.,Maria Garcia,21-06-2021,Transaction participation counterparty / SPV,GB,Auto disqualified,31,Prospect_31,User Referral,Qualified,Gold,Subsidiary,Qualify,32619.86,104287.77,72291.93,CASE100999,,Complete,High,INDIA,Open,09-01-2021,22-02-2023,17-06-2023,Onboarding delayed due to missing tax documents.,Refresh KYC,New Business,FALSE
Borrowing,TRUE,Global Corporate,Hedge Funds,Lisa Wong,05-12-2024,US,947670,814387,125210,775191,Existing group relationship.,Lisa Wong,09-03-2020,None,IN,Client decision,31,Prospect_31,Self,Gold,Portfolio,Subsidiary,Onboarding In Progress,79090.26,140828.35,88469.87,CASE101720,,Business Acceptance,High,INDIA,Open,08-04-2022,21-10-2024,05-03-2025,"Compliance review in progress, awaiting approvals.",Refresh KYC,New Business,TRUE
Borrowing,FALSE,Local Corporate,Financial Sponsors - Portfolio Companies,John Mathews,22-10-2020,DE,541072,109132,137172,480913,Existing group relationship.,Lisa Wong,09-05-2022,None,IN,Client decision,31,Prospect_31,Self,Disqualified,Gold,Group,Converted,98858.39,87646.81,146745.26,CASE103950,,Business Acceptance,Medium,SINGAPORE,Open,30-08-2020,18-05-2022,18-11-2023,Enhanced due diligence recommended based on risk factors.,Refresh KYC,Refresh KYC,FALSE
Non-Borrowing,TRUE,Global Corporate,Origination GC,Lisa Wong,28-05-2022,AU,984006,122710,305164,495453,Existing group relationship.,Lisa Wong,12-11-2021,Transaction participation counterparty / SPV,IN,Auto disqualified,32,Prospect_32,User Referral,Lead,Platinum,Subsidiary,Converted,61985.71,59002.91,27856.71,CASE104278,,Validation,High,SINGAPORE,Open,04-03-2022,03-03-2022,28-07-2021,Onboarding delayed due to missing tax documents.,Refresh KYC,New Business,TRUE
Non-Borrowing,TRUE,Local Corporate,Hedge Funds,Priya Nair,23-04-2023,GB,102523,950615,887247,714383,Client meets all KYC requirements.,Priya Nair,09-07-2024,None,US,Client decision,33,Prospect_33,User Referral,Converted,Gold,Group,Onboarding In Progress,28259.72,75317.85,143152.62,CASE101964,LE200034,Validation,High,SINGAPORE,Open,19-02-2023,02-05-2025,20-11-2023,Enhanced due diligence recommended based on risk factors.,New Business,Refresh KYC,FALSE
Non-Borrowing,FALSE,Global Corporate,Local Corporates,David Chen,05-08-2020,AU,902165,117133,958138,818523,High strategic importance.,David Chen,26-01-2025,Liquidity provider,AU,Client decision,33,Prospect_33,Self,Disqualified,Platinum,Standalone,Draft,19365.47,10266.28,42232.19,CASE103830,,Complete,High,SINGAPORE,Open,04-02-2020,24-06-2021,03-04-2024,Pending additional KYC documentation from client.,Refresh KYC,Refresh KYC,FALSE
Borrowing,TRUE,Global Corporate,Global Subsidiaries GC,Amit Singh,17-06-2021,SG,420609,927284,224761,725990,High strategic importance.,Rohit Sharma,14-03-2025,Transaction participation counterparty / SPV,AU,Auto disqualified,33,Prospect_33,User Referral,Gold,Platinum,Subsidiary,Converted,36586.88,33612.54,100918.54,CASE104218,,Validation,Low,SINGAPORE,Closed,13-02-2023,08-09-2020,16-05-2022,Onboarding delayed due to missing tax documents.,Refresh KYC,Refresh KYC,TRUE
Borrowing,TRUE,Financial Institution,Hedge Funds,Emily Davis,14-05-2021,IN,428030,198872,183334,443434,Strong revenue potential.,Lisa Wong,21-09-2020,None,DE,Auto disqualified,33,Prospect_33,User Referral,Portfolio,Gold,Group,Qualify,99964,66332.5,148841.36,CASE104678,,Business Acceptance,High,SINGAPORE,Open,06-08-2023,19-11-2025,19-06-2023,Onboarding delayed due to missing tax documents.,New Business,New Business,TRUE
Non-Borrowing,FALSE,Middle Market,Fintech - Other,John Mathews,03-11-2021,HK,602415,940621,153430,432999,High strategic importance.,Rohit Sharma,27-04-2021,Transaction participation counterparty / SPV,DE,Auto disqualified,33,Prospect_33,Self,Converted,Platinum,Standalone,Draft,42420.02,149734.37,91287.39,CASE106592,LE200034,Business Acceptance,High,HONG KONG,Closed,19-02-2025,10-11-2024,06-12-2024,"Compliance review in progress, awaiting approvals.",Refresh KYC,New Business,TRUE
